States,year,Total 
Assam,2014-15,0.605911458
Arunachal Pradesh,2014-15,0.310338542
Mizoram,2014-15,0.263463542
Manipur,2014-15,0.234817708
Meghalaya,2014-15,0.221796875
Uttar Pradesh,2014-15,0.164505208
Jammu & Kashmir,2014-15,0.04796875
Andhra Pradesh,2014-15,0.043411458
Madhya Pradesh,2014-15,0.034947917
